<License>
    <Data>
        <Products>
            <Product>Aspose.Total for Java</Product>
            <Product>Aspose.Words for Java</Product>
        </Products>
        <EditionType>Enterprise</EditionType>
        <SubscriptionExpiry>20991231</SubscriptionExpiry>
        <LicenseExpiry>20991231</LicenseExpiry>
        <SerialNumber>23dcc79f-44ec-4a23-be3a-03c1632404e9</SerialNumber>
    </Data>
    <Signature>0nRuwNEddXwLfXB7pw66G71MS93gW8mNzJ7vuh3Sf4VAEOBfpxtHLCotymv1PoeukxYe31K441Ivq0Pkvx1yZZG4O1KCv3Omdbs7uqzUB4xXHlOub4VsTODzDJ5MWHqlRCB1HHcGjlyT2sVGiovLt0Grvqw5+QXBuinoBY0suX0=</Signature>
</License>