<?xml version="1.0" encoding="UTF-8"?>
<!-- 日志级别从低到高分为TRACE < DEBUG < INFO < WARN < ERROR < FATAL，如果设置为WARN，则低于WARN的信息都不会输出 -->
<!-- scan:当此属性设置为true时，配置文件如果发生改变，将会被重新加载，默认值为true -->
<!-- scanPeriod:设置监测配置文件是否有修改的时间间隔，如果没有给出时间单位，默认单位是毫秒；当scan为true时，此属性生效。默认的时间间隔为1分钟。 -->
<!-- debug:当此属性设置为true时，将打印出logback内部日志信息，实时查看logback运行状态，默认值为false。 -->
<configuration
        xmlns:xsi="http://www.w3.org/2001/XMLSchema-instance"
        xsi:noNamespaceSchemaLocation="http://www.padual.com/java/logback.xsd"
        debug="false" scan="true" scanPeriod="10 second">

    <!-- 配置日志输出目录文件夹以及进行重命名 -->
    <property name="PROJECT" value="logs" />
    <property name="ROOT" value="./${PROJECT}/" />
    <!-- 配置日志文件大小 -->
    <property name="FILESIZE" value="50MB" />
    <!-- 设置日志保留的时间，单位为天 -->
    <property name="MAXHISTORY" value="7" />
    <!-- 格式化输出日期 -->
    <timestamp key="DATETIME" datePattern="yyyy-MM-dd HH:mm:ss.SSS" />

    <!-- 控制台打印 -->
    <appender name="STDOUT" class="ch.qos.logback.core.ConsoleAppender">
        <encoder charset="utf-8">
            <!-- 格式化日志输出：
             %-5level表示级别从左显示5个字符宽度，%d表示日期，%thread表示线程名，%m表示日志消息，%n是换行符
             %logger{36}表示logger是class的全名，36表示限制最长字符
            -->
            <pattern>[%-5level] %d{yyyy-MM-dd HH:mm:ss.SSS} [%thread] %logger{36} - %msg%n</pattern>
        </encoder>
    </appender>

    <!-- ERROR日志输出到文件  -->
    <appender name="ERROR" class="ch.qos.logback.core.rolling.RollingFileAppender">
        <encoder charset="utf-8">
            <pattern>[%-5level] %d{yyyy-MM-dd HH:mm:ss.SSS} [%thread] %logger{36} - %m%n</pattern>
        </encoder>
        <!-- 设置当前日志文档输出的级别，只记录ERROR级别的日志 -->
        <filter class="ch.qos.logback.classic.filter.LevelFilter">
            <level>ERROR</level>
            <onMatch>ACCEPT</onMatch>
            <onMismatch>DENY</onMismatch>
        </filter>
        <!-- 设置日志记录器的滚动策略，按日期和大小记录-->
        <rollingPolicy class="ch.qos.logback.core.rolling.TimeBasedRollingPolicy">
            <fileNamePattern>${ROOT}%d/error.%i.log</fileNamePattern>
            <maxHistory>${MAXHISTORY}</maxHistory>
            <timeBasedFileNamingAndTriggeringPolicy
                    class="ch.qos.logback.core.rolling.SizeAndTimeBasedFNATP">
                <maxFileSize>${FILESIZE}</maxFileSize>
            </timeBasedFileNamingAndTriggeringPolicy>
        </rollingPolicy>
    </appender>

    <!-- INFO日志输出到文件 -->
    <appender name="infoFile" class="ch.qos.logback.core.rolling.RollingFileAppender">
        <encoder charset="utf-8">
            <pattern>[%-5level] %d{yyyy-MM-dd HH:mm:ss.SSS} [%thread] %logger{36} - %m%n</pattern>
        </encoder>
        <rollingPolicy class="ch.qos.logback.core.rolling.TimeBasedRollingPolicy">
            <fileNamePattern>${ROOT}%d/info.%i.log</fileNamePattern>
            <maxHistory>${MAXHISTORY}</maxHistory>
            <timeBasedFileNamingAndTriggeringPolicy class="ch.qos.logback.core.rolling.SizeAndTimeBasedFNATP">
                <maxFileSize>${FILESIZE}</maxFileSize>
            </timeBasedFileNamingAndTriggeringPolicy>
        </rollingPolicy>
    </appender>

    <!-- 输出sql相关日志，不需要可删除；additivity：是否向上级loger传递打印信息，默认是true-->
    <logger name="org.apache.ibatis" level="INFO" additivity="false" />
    <logger name="org.mybatis.spring" level="INFO" additivity="false" />
    <logger name="com.rdexpense.mapper" level="DEBUG" additivity="true" />
    <logger name="com.github.miemiedev.mybatis.paginator" level="INFO" additivity="false" />

    <!-- logger设置输出到文件，输出级别为info -->
    <root level="INFO">
        <appender-ref ref="STDOUT" />
        <appender-ref ref="ERROR" />
        <appender-ref ref="infoFile" />
    </root>
</configuration>