<?xml version="1.0" encoding="UTF-8" ?>
<!DOCTYPE mapper PUBLIC "-//mybatis.org//DTD Mapper 3.0//EN" "http://mybatis.org/dtd/mybatis-3-mapper.dtd">
<mapper namespace="ProgressReportMapper">

    <sql id="Base_Column">
        id,
        business_id as businessId,
        process_status as processStatus,
        serial_number as serialNumber,
        creator_org_id as creatorOrgId,
        creator_org_name as creatorOrgName,
        creator_user_id as creatorUserId,
        creator_user_name as creatorUserName,
        created_date as createdDate,
        approve_user_id as approveUserId,
        approve_user_name as approveUserName,
        approve_time as approvetime,
        process_inst_id as processInstId,
        next_approve_user_id as nextApproveUserId,
        next_approve_user_name as nextApproveUserName,
        project_id as projectId,
        project_name as projectName,
        unit_id as unitId,
        unit_name as unitName,
        project_leader_id as projectLeaderId,
        project_leader_name as projectLeaderName,
        leader_post_id as leaderPostId,
        leader_post_name as leaderPostName,
        contact_number as contactNumber,
        start_date as startDate,
        end_date as endDate,
        reporter_id as reporterId,
        reporter_name as reporterName,
        reporter_date as reporterDate,
        project_overview as projectOverview,
        development_process as developmentProcess,
        key_technology as keyTechnology,
        achieve_results as achieveResults,
        beneficial_result as beneficialResult,
        report_description as reportDescription,
        create_time as createTime,
        update_time as  updateTime,
        update_user_id as updateUserId
    </sql>

    <select id="selectReportInfoAll" resultType="pd" parameterType="pd">
        select
        <include refid="Base_Column"/>
        from (
        select
        id,
        business_id,
        process_status,
        serial_number,
        creator_org_id,
        creator_org_name,
        creator_user_id,
        creator_user_name,
        created_date,
        approve_user_id,
        approve_user_name,
        approve_time,
        process_inst_id,
        next_approve_user_id,
        next_approve_user_name,
        project_id,
        project_name,
        unit_id,
        unit_name,
        project_leader_id,
        project_leader_name,
        leader_post_id,
        leader_post_name,
        contact_number,
        start_date,
        end_date,
        reporter_id,
        reporter_name,
        reporter_date,
        project_overview,
        development_process,
        key_technology,
        achieve_results,
        beneficial_result,
        report_description,
        create_time,
        update_time,
        update_user_id
            from project_progress_report
            where process_status = #{saveStatus} or creator_user_id=#{creatorUserId}
            ) as ppr
        <where>
            <if test="serialNumber!=null and serialNumber!=''">
                and ppr.serial_number LIKE concat('%',#{serialNumber},'%')
            </if>
            <if test="projectName!=null and projectName!=''">
                and ppr.project_name LIKE concat('%',#{projectName},'%')
            </if>
            <if test="processStatus!=null and processStatus.size()>0">
                and ppr.process_status in
                <foreach item="item" index="index" collection="processStatus" open="(" separator="," close=")">
                    #{item}
                </foreach>
            </if>
            <if test="approveUserName!=null and approveUserName!=''">
                and ppr.approve_user_name LIKE concat('%',#{approveUserName},'%')
            </if>
            <if test="projectLeaderName!=null and projectLeaderName!=''">
                and ppr.project_leader_name LIKE concat('%',#{projectLeaderName},'%')
            </if>
            <if test="leaderPostName!=null and leaderPostName!=''">
                and ppr.leader_post_name LIKE concat('%',#{leaderPostName},'%')
            </if>
            <if test="contactNumber!=null and contactNumber!=''">
                and ppr.contact_number LIKE concat('%',#{contactNumber},'%')
            </if>
            <if test="unitName!=null and unitName!=''">
                and ppr.unit_name LIKE concat('%',#{unitName},'%')
            </if>
            <if test="startDate!=null and startDate!=''">
                and convert(varchar,ppr.start_date,120) LIKE concat('%',#{startDate},'%')
            </if>
            <if test="endDate!=null and endDate!=''">
                and convert(varchar,ppr.end_date,120) LIKE concat('%',#{endDate},'%')
            </if>
            <if test="reporterName!=null and reporterName!=''">
                and ppr.reporter_name LIKE concat('%',#{reporterName},'%')
            </if>
            <if test="reporterDate!=null and reporterDate!=''">
                and convert(varchar,ppr.reporter_date,120) LIKE concat('%',#{reporterDate},'%')
            </if>
            <if test="reatorUserName!=null and reatorUserName!=''">
                and ppr.reator_user_name LIKE concat('%',#{reatorUserName},'%')
            </if>
            <if test="createTime!=null and createTime!=''">
                and convert(varchar,ppr.create_time,120) LIKE concat('%',#{createTime},'%')
            </if>
            <if test="updateTime!=null and updateTime!=''">
                and convert(varchar,ppr.update_time,120) LIKE concat('%',#{updateTime},'%')
            </if>
        </where>
        ORDER BY update_time DESC;
    </select>

    <select id="checkReport" resultType="pd" parameterType="pd">
        select business_id
        from project_progress_report
        where business_id = #{businessId}
    </select>


    <insert id="insertReport" parameterType="pd">
        INSERT INTO project_progress_report
        (business_id,process_status,serial_number,creator_org_id,creator_org_name, creator_user_name, created_date, project_name, unit_name, project_leader_name, leader_post_name, start_date,
         end_date,reporter_name, reporter_date,project_overview,development_process,key_technology,achieve_results,beneficial_result,report_description,contact_number,
         create_time,creator_user_id)
        VALUES (#{businessId},#{processStatus},#{serialNumber},#{creatorOrgId},#{creatorOrgName},#{creatorUserName},#{createdDate,jdbcType=DATE},#{projectName},#{unitName},#{projectLeaderName},#{leaderPostName},#{startDate,jdbcType=DATE},
            #{endDate,jdbcType=DATE},#{reporterName},#{reporterDate,jdbcType=DATE},#{projectOverview},#{developmentProcess},#{keyTechnology},#{achieveResults},#{beneficialResult},#{reportDescription},#{contactNumber},
                getDate(),#{creatorUserId})
    </insert>

    <select id="getReportDetail" resultType="pd" parameterType="pd">
        select
        <include refid="Base_Column"/>
        from project_progress_report
        where id = #{id}
    </select>

    <update id="updateReport" parameterType="pd">
        update project_progress_report
        set serial_number = #{serialNumber},
            creator_user_name = #{creatorUserName},
            created_date = #{createdDate,jdbcType=DATE},
            project_name = #{projectName},
            unit_name = #{unitName},
            project_leader_name = #{projectLeaderName},
            leader_post_name = #{leaderPostName},
            start_date = #{startDate,jdbcType=DATE},
            end_date = #{endDate,jdbcType=DATE},
            reporter_name = #{reporterName},
            reporter_date = #{reporterDate,jdbcType=DATE},
            project_overview = #{projectOverview},
            development_process = #{developmentProcess},
            key_technology = #{keyTechnology},
            achieve_results = #{achieveResults},
            beneficial_result = #{beneficialResult},
            report_description = #{reportDescription},
            contact_number  = #{contactNumber},
            update_user          = #{createUser},
            update_user_id       = #{createUserId},
            update_time          = getdate()
        where business_id = #{businessId}
    </update>

    <delete id="deleteReport" parameterType="java.util.List">
        delete from
        project_progress_report
        where id in
        <foreach item="item" index="index" collection="list" open="(" separator="," close=")">
            #{item}
        </foreach>
    </delete>
    
    <select id="getReportDetailList" parameterType="java.util.List" resultType="pd">
        select
        <include refid="Base_Column"/>
        from project_progress_report
        where id in
        <foreach item="item" index="index" collection="list" open="(" separator="," close=")">
            #{item}
        </foreach>
    </select>
    
    <update id="modifyReportState" parameterType="pd">
        update project_progress_report
        set process_status = #{processStatus}
        where id = #{id};
    </update>

</mapper>