<?xml version="1.0" encoding="UTF-8" ?>
<!DOCTYPE mapper PUBLIC "-//mybatis.org//DTD Mapper 3.0//EN" "http://mybatis.org/dtd/mybatis-3-mapper.dtd">
<mapper namespace="ProjApplyMainMapper">
    <!--namespace根据自己需要创建的的mapper的路径和名称填写-->

    <sql id="Base_Column">
        id, business_id as businessId, serial_number as serialNumber, creator_org_id as creatorOrgId,
        creator_org_name as creatorOrgName, creator_user_id as creatorUserId, creator_user as creatorUser,
        created_date as createdDate, project_name as projectName, unit_name as unitName,
        unit_address as unitAddress, apply_user_name as applyUserName, apply_user_id as applyUserId,
        gender, gender_code as genderCode, age, post_code as postCode, post_name as postName,
        create_time as createTime, update_time as updateTime, update_user as updateUser,
        update_user_id as updateUserId, telephone, apply_amount as applyAmount, start_year as startYear,
        end_year as endYear, zip_code as zipCode, professional_category_code as professionalCategoryCode,
        professional_category as professionalCategory, project_type_code as projectTypeCode,
        project_type as projectType, identify, research_contents as researchContents,
        review_comments as reviewComments, approve_user_id as approveUserId, approve_user_name as approveUserName,
        approve_time as approveTime, process_inst_id as processInstId, process_status as processStatus,
        next_approve_user_id as nextApproveUserId, next_approve_user_name as nextApproveUserName
    </sql>

    <select id="selectAll" resultType="pd" parameterType="pd">
        select
        <include refid="Base_Column"/>
        from project_apply_main
        <where>
            <if test="serialNumber!=null and serialNumber!=''">
                and serial_number LIKE concat('%',#{serialNumber},'%')
            </if>
            <if test="projectName!=null and projectName!=''">
                and project_name LIKE concat('%',#{projectName},'%')
            </if>
            <if test="applyUserName!=null and applyUserName!=''">
                and apply_user_name LIKE concat('%',#{applyUserName},'%')
            </if>
            <if test="postName!=null and postName!=''">
                and post_name LIKE concat('%',#{postName},'%')
            </if>
            <if test="unitName!=null and unitName!=''">
                and unit_name LIKE concat('%',#{unitName},'%')
            </if>
            <if test="projectTypeCode!=null and projectTypeCode!=''">
                and project_type_code = #{projectTypeCode}
            </if>
            <if test="researchContents!=null and researchContents!=''">
                and research_contents LIKE concat('%',#{researchContents},'%')
            </if>
            <if test="applyAmount !=null and applyAmount !=''">
                and apply_amount <![CDATA[ >= ]]> #{applyAmount}
            </if>
        </where>
        ORDER BY apply_amount DESC;
    </select>

    <select id="queryOneByBusinessId" parameterType="pd" resultType="pd">
        select
        <include refid="Base_Column"/>
        from project_apply_main
        where business_id = #{businessId}
    </select>

</mapper>